INSERT INTO Company (company_id, name, country, founding_year)
VALUES
(1, 'CD Projekt Red', 'Poland', 2002),
(2, 'Sega', 'Japan', 1960),
(3, 'Santa Monica Studio', 'United States', 1999),
(4, 'Heavy Iron Studios', 'United States', 1999),
(5, 'Don''t Nod', 'France', 2008),
(6, 'Telltale Games', 'United States', 2004),
(7, 'Treyarch', 'United States', 1996),
(8, 'miHoYo', 'China', 2012),
(9, 'Idea Factory', 'Japan', 1994),
(10, 'Ice-Pick Lodge', 'Russia', 2002),
(11, 'GSC Game World', 'Ukraine', 1995),
(12, 'Mojang AB', 'Sweden', 2009),
(13, 'Electronic Arts', 'United States', 1982),
(14, 'Sucker Punch Productions', 'United States', 1997),
(15, 'Valve', 'United States', 1996),
(16, 'Coffee Stain Studios', 'Sweden', 2010),
(17, 'Ubisoft', 'France', 1986),
(18, 'Wargaming', 'Cyprus', 1998),
(19, 'Capcom', 'Japan', 1979),
(20, 'Digital Happiness', 'Indonesia', 1999),
(21, 'Novarama', 'Spain', 2003),
(22, 'Perfect World', 'China', 2004),
(23, 'Hangar 13', 'California', 2014),
(24, 'Mode 7 Games', 'United Kingdom', 2005),
(25, 'Guerrilla Cambridge', 'United Kingdom', 1997),
(26, 'Egosoft', 'Germany', 1998),
(27, 'Clap Hanz', 'Japan', 1998),
(28, 'Croteam', 'Croatia', 1993),
(29, 'Beamdog', 'Canada', 2009),
(30, 'Running with Scissors', 'United States', 1997);

INSERT INTO Game (game_id, title, release_year, company_id) VALUES
(1, 'The Witcher series', 2007, 1),
(2, 'Cyberpunk 2077', 2020, 1),
(3, 'Sonic the Hedgehog', 2003, 2),
(4, 'God of War', 2018, 3),
(5, 'SpongeBob''s Truth or Square', 2009, 4),
(6, 'Life Is Strange', 2015, 5),
(7, 'The Walking Dead', 2012, 6),
(8, 'The Wolf Among Us', 2013, 6),
(9, 'Tales from the Borderlands', 2014, 6),
(10, 'Call of Duty', 2011, 7),
(11, 'Spider-Man', 2002, 7),
(12, 'Honkai Impact', 2016, 8),
(13, 'Genshin Impact', 2020, 8),
(14, 'Amnesia', 2010, 9),
(15, 'Pathologic', 2005, 10),
(16, 'S.T.A.L.K.E.R', 2007, 11),
(17, 'Minecraft', 2013, 12),
(18, 'FIFA', 2016, 13),
(19, 'Need For Speed', 2012, 13),
(20, 'Apex Legends', 2019, 13),
(21, 'Infamous', 2014, 14),
(22, 'Half-Life', 2004, 15),
(23, 'Portal', 2007, 15),
(24, 'Left 4 Dead', 2008, 15),
(25, 'Team Fortress 2', 2007, 15),
(26, 'Dota 2', 2013, 15),
(27, 'Counter-Strike', 2000, 15),
(28, 'Goat Simulator', 2014, 16),
(29, 'Assassin''s Creed', 2007, 17),
(30, 'Just Dance', 2009, 17),
(31, 'Far Cry', 2004, 17),
(32, 'Tom Clancy''s Rainbow Six', 2017, 17),
(33, 'World of Tanks', 2010, 18),
(34, 'Resident Evil', 1996, 19),
(35, 'Devil May Cry', 2001, 19),
(36, 'ZombiU', 2012, 20),
(37, 'Mafia III', 2016, 23),
(38, 'Tokyo 42', 2019, 24),
(39, 'MediEvil', 2010, 25),
(40, 'X', 1999, 26),
(41, 'Everybody''s Golf', 2001, 27),
(42, 'Serious Sam', 2001, 28),
(43, 'Baldur''s Gate: Siege of Dragonspear', 2012, 29),
(44, 'Postal', 2001, 30);



INSERT INTO Version_History (game_id, version_number, release_date, notes, changed_by) VALUES
(1, '1.0', '1999-12-25', 'Initial release version 1.0', 'Alice Smith'),
(2, '1.1', '2000-02-14', 'Added new features', 'Bob Johnson'),
(3, '2.0', '2001-07-30', 'Major update with improved graphics', 'Charlie Brown'),
(4, '1.5', '2002-04-18', 'Added DLC content', 'David Miller'),
(5, '1.2', '2003-09-05', 'Bug fixes and performance improvements', 'Emma Garcia'),
(6, '1.3', '2004-11-20', 'Added additional story chapters', 'Frank Wilson'),
(7, '2.5', '2005-06-15', 'Introduced multiplayer mode', 'Grace Martinez'),
(8, '1.1', '2006-08-03', 'Optimized for new hardware', 'Henry Thompson'),
(9, '1.1', '2007-03-12', 'Added new game modes', 'Ivy Rodriguez'),
(10, '1.2', '2008-09-30', 'Improved AI behavior', 'Jack Davis'),
(11, '1.1', '2009-07-22', 'Enhanced user interface', 'Kate Clark'),
(12, '1.1', '2010-08-11', 'Performance enhancements', 'Liam Hernandez'),
(13, '1.1', '2011-05-29', 'Fixed networking issues', 'Mia Young'),
(14, '1.2', '2012-11-24', 'New character skins added', 'Noah Lewis'),
(15, '1.1', '2013-10-03', 'Improved level design', 'Olivia King'),
(16, '1.1', '2014-06-19', 'Added new game modes', 'Peter Scott'),
(17, '1.3', '2015-09-28', 'Performance optimizations', 'Quinn Hall'),
(18, '1.2', '2016-03-14', 'Balancing adjustments', 'Rachel Allen'),
(19, '1.1', '2017-08-21', 'Added new weapons', 'Samuel Green'),
(20, '1.1', '2018-12-09', 'Bug fixes and stability improvements', 'Tina Baker'),
(21, '1.2', '2019-04-27', 'New maps added', 'Ulysses Lopez'),
(22, '1.1', '2020-09-15', 'Graphics enhancements', 'Victor Hill'),
(23, '1.1', '2021-07-08', 'Improved narrative elements', 'Wendy Cook'),
(24, '1.2', '2022-10-26', 'Added new game modes', 'Xavier Lee'),
(25, '1.1', '2023-08-07', 'Performance optimizations', 'Yvonne Reed'),
(26, '1.1', '2024-01-19', 'Bug fixes and improvements', 'Zoe Baker'),
(27, '1.1', '1999-04-02', 'Improved matchmaking', 'Adam Brooks'),
(28, '1.2', '2000-11-16', 'New challenges added', 'Betty Powell'),
(29, '1.1', '2001-09-03', 'Added new characters', 'Carlos Ward'),
(30, '1.1', '2002-07-14', 'Enhanced physics engine', 'Diana Foster'),
(31, '1.1', '2003-05-26', 'Improved weapon balancing', 'Ethan Long'),
(32, '1.1', '2004-03-07', 'New gameplay mechanics introduced', 'Fiona Murphy'),
(33, '1.1', '2005-01-18', 'Added new game modes', 'Gary Ross'),
(34, '1.2', '2006-09-30', 'Enhanced enemy AI', 'Hannah Russell'),
(35, '1.1', '2007-07-12', 'Bug fixes and stability improvements', 'Ian Campbell'),
(36, '1.1', '2008-05-23', 'Improved user interface', 'Julia Simmons'),
(37, '1.2', '2009-03-04', 'Added new maps', 'Kevin Price'),
(38, '1.1', '2010-01-16', 'Performance optimizations', 'Linda Diaz'),
(39, '1.1', '2011-11-28', 'New features added', 'Mike Kelly'),
(40, '1.2', '2012-10-09', 'Bug fixes and improvements', 'Nancy Bailey'),
(41, '1.1', '2013-08-21', 'Balancing adjustments', 'Oscar Foster'),
(42, '1.2', '2014-06-03', 'Added new levels', 'Pamela Ward'),
(43, '1.1', '2015-04-15', 'Improved graphics rendering', 'Quincy Sanders'),
(44, '1.2', '2016-02-26', 'Performance optimizations', 'Rita Coleman');

INSERT INTO GamePlatform (game_id, platform_name) VALUES
(1, 'PC'),
(1, 'PlayStation 4'),
(1, 'Xbox One'),
(2, 'PC'),
(2, 'PlayStation 4'),
(2, 'Xbox One'),
(3, 'PC'),
(3, 'PlayStation 4'),
(3, 'Xbox One'),
(4, 'PlayStation 4'),
(5, 'PlayStation 2'),
(5, 'Wii'),
(5, 'Nintendo DS'),
(6, 'PC'),
(6, 'PlayStation 3'),
(6, 'Xbox 360'),
(6, 'PlayStation 4'),
(6, 'Xbox One'),
(6, 'Android'),
(7, 'PC'),
(7, 'PlayStation 3'),
(7, 'Xbox 360'),
(7, 'PlayStation 4'),
(7, 'Xbox One'),
(8, 'PC'),
(8, 'PlayStation 3'),
(8, 'Xbox 360'),
(8, 'PlayStation 4'),
(8, 'Xbox One'),
(9, 'PC'),
(9, 'PlayStation 3'),
(9, 'Xbox 360'),
(9, 'PlayStation 4'),
(9, 'Xbox One'),
(10, 'PC'),
(10, 'PlayStation 3'),
(10, 'Xbox 360'),
(10, 'PlayStation 4'),
(10, 'Xbox One'),
(11, 'PC'),
(11, 'PlayStation 3'),
(11, 'Xbox 360'),
(11, 'PlayStation 4'),
(11, 'Xbox One'),
(12, 'PC'),
(12, 'PlayStation 4'),
(13, 'PC'),
(13, 'PlayStation 4'),
(14, 'PC'),
(14, 'PlayStation 4'),
(15, 'PC'),
(15, 'PlayStation 4'),
(16, 'PC'),
(16, 'PlayStation 4'),
(17, 'PC'),
(17, 'PlayStation 4'),
(18, 'PC'),
(18, 'PlayStation 4'),
(19, 'PC'),
(19, 'PlayStation 4'),
(20, 'PC'),
(20, 'PlayStation 4'),
(21, 'PC'),
(22, 'PC'),
(23, 'PC'),
(24, 'PC'),
(25, 'PC'),
(26, 'PC'),
(27, 'PC'),
(28, 'PC'),
(29, 'PC'),
(30, 'PC'),
(31, 'PC'),
(32, 'PC'),
(33, 'PC'),
(34, 'PC'),
(35, 'PC'),
(36, 'PC'),
(37, 'PC'),
(38, 'PC'),
(39, 'PC'),
(40, 'PC'),
(41, 'PC'),
(42, 'PC'),
(43, 'PC'),
(44, 'PC');

INSERT INTO Job_Vacancy (vacancy_id, company_id, position_title, job_description, salary)
VALUES
    (1, 1, 'Game Developer', 'Developing game content.', 60000.00),
    (2, 2, 'Software Engineer', 'Developing software applications.', 70000.00),
    (3, 3, 'Marketing Manager', 'Planning and implementing marketing strategies.', 55000.00),
    (4, 4, 'Level Designer', 'Creating game levels and environments.', 65000.00),
    (5, 5, 'UI/UX Designer', 'Designing user interfaces and experiences.', 60000.00),
    (6, 6, 'Narrative Designer', 'Developing game storylines and narratives.', 62000.00),
    (7, 7, 'Sound Designer', 'Creating audio assets and sound effects.', 58000.00),
    (8, 8, 'QA Tester', 'Testing game functionality and reporting bugs.', 50000.00),
    (9, 9, 'Community Manager', 'Engaging with the gaming community and managing social media.', 54000.00),
    (10, 10, 'Game Artist', 'Creating game artwork and visual assets.', 63000.00),
    (11, 11, 'Game Producer', 'Overseeing the development process and project management.', 72000.00),
    (12, 12, 'AI Programmer', 'Developing artificial intelligence systems for games.', 68000.00),
    (13, 13, 'Network Programmer', 'Developing multiplayer network functionality.', 69000.00),
    (14, 14, 'Concept Artist', 'Creating concept art and visual designs.', 61000.00),
    (15, 15, 'Localization Specialist', 'Adapting game content for different regions and languages.', 57000.00),
    (16, 16, 'Game Writer', 'Writing scripts and dialogues for games.', 59000.00),
    (17, 17, 'Technical Artist', 'Supporting art and engineering teams with technical solutions.', 64000.00),
    (18, 18, 'Animator', 'Creating animations for characters and objects in games.', 66000.00),
    (19, 19, 'Game Tester', 'Testing game functionality and user experience.', 51000.00),
    (20, 20, 'Game Designer', 'Designing game mechanics and gameplay systems.', 67000.00);

INSERT INTO Audience (game_id, audience_description, target_age_group, target_gender, target_interests)
VALUES
    (1, 'Аудитория для игры The Witcher series', '18-45', 'Любой', 'Фэнтези, Ролевые игры, Экшн'),
    (2, 'Аудитория для игры Cyberpunk 2077', '18-45', 'Любой', 'Научная фантастика, Открытый мир, Экшн'),
    (3, 'Аудитория для игры Sonic the Hedgehog', '5-35', 'Любой', 'Платформер, Аркада, Семейные игры'),
    (4, 'Аудитория для игры God of War', '18-45', 'Мужчины', 'Экшн, Приключения, Мифология'),
    (5, 'Аудитория для игры SpongeBob''s Truth or Square', '5-12', 'Любой', 'Мультфильмы, Приключения, Платформеры'),
    (6, 'Аудитория для игры Life Is Strange', '18-35', 'Любой', 'Интерактивный квест, Драма, Эмоциональный опыт'),
    (7, 'Аудитория для игры The Walking Dead', '18-45', 'Любой', 'Интерактивный квест, Зомби, Драма'),
    (8, 'Аудитория для игры The Wolf Among Us', '18-45', 'Любой', 'Интерактивный квест, Неолитературные персонажи, Темное фэнтези'),
    (9, 'Аудитория для игры Tales from the Borderlands', '18-35', 'Любой', 'Интерактивный квест, Постапокалипсис, Юмор'),
    (10, 'Аудитория для игры Call of Duty', '18-35', 'Мужчины', 'Шутер от первого лица, Онлайн, Военная тематика'),
    (11, 'Аудитория для игры Spider-Man', '5-45', 'Любой', 'Супергерои, Открытый мир, Экшн'),
    (12, 'Аудитория для игры Honkai Impact', '18-35', 'Любой', 'Экшн, Аниме, Ролевые игры'),
    (13, 'Аудитория для игры Genshin Impact', '12-35', 'Любой', 'Открытый мир, Аниме, Ролевые игры'),
    (14, 'Аудитория для игры Amnesia', '18-45', 'Любой', 'Хоррор, Интерактивный квест, Атмосфера'),
    (15, 'Аудитория для игры Pathologic', '18-45', 'Любой', 'Хоррор, Интерактивный квест, Уникальный геймплей'),
    (16, 'Аудитория для игры S.T.A.L.K.E.R', '18-45', 'Любой', 'Шутер от первого лица, Открытый мир, Постапокалипсис'),
    (17, 'Аудитория для игры Minecraft', '5-35', 'Любой', 'Строительство, Песочница, Креатив'),
    (18, 'Аудитория для игры FIFA', '5-45', 'Любой', 'Футбол, Спортивные симуляторы, Онлайн'),
    (19, 'Аудитория для игры Need For Speed', '12-45', 'Любой', 'Гонки, Экшн, Онлайн'),
    (20, 'Аудитория для игры Apex Legends', '18-35', 'Любой', 'Шутер от первого лица, Королевская битва, Онлайн'),
    (21, 'Аудитория для игры Infamous', '18-45', 'Любой', 'Супергерои, Открытый мир, Экшн'),
    (22, 'Аудитория для игры Half-Life', '18-45', 'Любой', 'Шутер от первого лица, Научная фантастика, Эксперименты'),
    (23, 'Аудитория для игры Portal', '12-45', 'Любой', 'Головоломки, Научная фантастика, Юмор'),
    (24, 'Аудитория для игры Left 4 Dead', '18-45', 'Любой', 'Шутер от первого лица, Зомби, Кооператив'),
    (25, 'Аудитория для игры Team Fortress 2', '12-45', 'Любой', 'Шутер от первого лица, Командный онлайн, Юмор'),
    (26, 'Аудитория для игры Dota 2', '18-35', 'Любой', 'Моба, Онлайн, Командная игра'),
    (27, 'Аудитория для игры Counter-Strike', '18-45', 'Любой', 'Шутер от первого лица, Онлайн, Командный игра'),
    (28, 'Аудитория для игры Goat Simulator', '12-35', 'Любой', 'Юмор, Симулятор, Нестандартный геймплей'),
    (29, 'Аудитория для игры Assassin''s Creed', '18-45', 'Любой', 'Приключения, Открытый мир');

